task,trial_name,result,input_tokens,output_tokens,cache_tokens,total_tokens,cost_usd,duration,duration_seconds
adaptive-rejection-sampler,adaptive-rejection-sampler__HZnokS4,pass,387858,36268,341687,765813,1.14,8m 25s,505
adaptive-rejection-sampler,adaptive-rejection-sampler__PNRaYdw,pass,682707,42070,634065,1358842,1.29,9m 42s,582
adaptive-rejection-sampler,adaptive-rejection-sampler__YJXHpnu,pass,323031,35648,277834,636513,1.12,8m 49s,529
adaptive-rejection-sampler,adaptive-rejection-sampler__vJo5KHe,fail,762369,43136,712438,1517943,1.33,10m 52s,652
adaptive-rejection-sampler,adaptive-rejection-sampler__wGEpnT9,pass,602402,36975,558894,1198271,1.14,8m 50s,530
bn-fit-modify,bn-fit-modify__9M3d2YK,pass,201918,7306,189140,398364,0.25,2m 38s,158
bn-fit-modify,bn-fit-modify__RSDudz4,pass,139815,5265,129626,274706,0.18,2m 12s,132
bn-fit-modify,bn-fit-modify__fVzvykG,pass,172865,5672,160646,339183,0.20,3m 3s,183
bn-fit-modify,bn-fit-modify__gvaMwKG,pass,240841,8180,224825,473846,0.28,2m 50s,170
bn-fit-modify,bn-fit-modify__kZkiTD8,pass,258989,6461,235128,500578,0.28,2m 31s,151
break-filter-js-from-html,break-filter-js-from-html__6kjiUgZ,pass,154959,6321,143374,304654,0.22,2m 4s,124
break-filter-js-from-html,break-filter-js-from-html__CRhbdLX,pass,185671,8914,171198,365783,0.30,2m 44s,164
break-filter-js-from-html,break-filter-js-from-html__GMx5TgW,pass,177990,7001,165362,350353,0.24,2m 9s,129
break-filter-js-from-html,break-filter-js-from-html__Uh95yhz,pass,197883,15445,176847,390175,0.49,4m 20s,260
break-filter-js-from-html,break-filter-js-from-html__oz2uTAp,pass,135023,5440,124505,264968,0.19,1m 46s,106
build-cython-ext,build-cython-ext__PUbaiuJ,pass,595804,9038,563058,1167900,0.39,3m 37s,217
build-cython-ext,build-cython-ext__i4jNb5m,pass,1532338,20853,1485535,3038726,0.76,6m 50s,410
build-cython-ext,build-cython-ext__po7Tfbh,pass,992608,12399,948898,1953905,0.53,4m 36s,276
build-cython-ext,build-cython-ext__sRoR98i,pass,1326997,12451,1264212,2603660,0.63,4m 30s,270
build-cython-ext,build-cython-ext__yUYAiFF,pass,774240,12520,743619,1530379,0.47,4m 30s,270
build-pmars,build-pmars__69Xnme7,pass,289937,4755,277138,571830,0.18,1m 55s,115
build-pmars,build-pmars__fTRrQii,pass,350589,5158,335892,691639,0.20,2m 10s,130
build-pmars,build-pmars__jCF48rA,pass,301799,4881,288093,594773,0.19,1m 59s,119
build-pmars,build-pmars__sqaRgZc,pass,378278,6011,363266,747555,0.23,2m 21s,141
build-pmars,build-pmars__uktb6H8,pass,365354,5591,350278,721223,0.22,2m 7s,127
build-pov-ray,build-pov-ray__VBSs7jm,pass,511122,7147,474258,992527,0.36,3m 28s,208
build-pov-ray,build-pov-ray__dqjWzhA,pass,485044,9230,450537,944811,0.40,4m 9s,249
build-pov-ray,build-pov-ray__nQDJEKk,pass,529095,9860,494746,1033701,0.42,3m 55s,235
build-pov-ray,build-pov-ray__soQJgtn,pass,415730,6741,383664,806135,0.33,3m 13s,193
build-pov-ray,build-pov-ray__tnCcYqV,pass,818316,12054,774844,1605214,0.52,6m 3s,363
caffe-cifar-10,caffe-cifar-10__5tuB7Fq,pass,2119931,26949,2069996,4216876,0.92,25m 37s,1537
caffe-cifar-10,caffe-cifar-10__HCJTwZ8,pass,1779639,22056,1556403,3358098,1.67,67m 48s,4068
caffe-cifar-10,caffe-cifar-10__VR5C5DD,pass,604315,11498,464439,1080252,0.99,62m 51s,3771
caffe-cifar-10,caffe-cifar-10__gYfG9ja,pass,1830997,24448,1625611,3481056,1.64,63m 40s,3820
caffe-cifar-10,caffe-cifar-10__tDnr9Bg,pass,1915618,29028,1852503,3797149,1.04,21m 50s,1310
cancel-async-tasks,cancel-async-tasks__7bEwzPL,fail,127039,4370,119537,250946,0.15,2m 1s,121
cancel-async-tasks,cancel-async-tasks__H8Rgbnz,fail,149402,5800,140342,295544,0.19,2m 3s,123
cancel-async-tasks,cancel-async-tasks__RnCYXYU,fail,81780,3560,75256,160596,0.12,1m 38s,98
cancel-async-tasks,cancel-async-tasks__pmjgV5Z,pass,83668,4309,76505,164482,0.14,1m 54s,114
cancel-async-tasks,cancel-async-tasks__qE2Vhek,fail,89493,5542,80988,176023,0.18,1m 42s,102
chess-best-move,chess-best-move__4QHhc4u,fail,56792,4538,48141,109471,0.16,1m 51s,111
chess-best-move,chess-best-move__CnAoDUH,pass,44020,8683,31905,84608,0.28,2m 18s,138
chess-best-move,chess-best-move__bhdc8gA,pass,158828,5493,149067,313388,0.19,2m 0s,120
chess-best-move,chess-best-move__i9KwWdU,fail,38286,2832,31906,73024,0.10,1m 4s,64
chess-best-move,chess-best-move__npXDEgY,fail,39924,4550,31906,76380,0.15,1m 30s,90
circuit-fibsqrt,circuit-fibsqrt__8hjwAgt,pass,794509,43324,741750,1579583,1.35,10m 53s,653
circuit-fibsqrt,circuit-fibsqrt__DCnsTQF,pass,642595,38105,585769,1266469,1.24,10m 22s,622
circuit-fibsqrt,circuit-fibsqrt__LJYXTzs,pass,448669,35248,404228,888145,1.10,9m 8s,548
circuit-fibsqrt,circuit-fibsqrt__jZZWykb,pass,275616,39007,224072,538695,1.23,9m 44s,584
circuit-fibsqrt,circuit-fibsqrt__zosMc5J,pass,551833,94718,487377,1133928,2.69,27m 25s,1645
cobol-modernization,cobol-modernization__5aKXqPU,pass,289021,24524,256579,570124,0.78,6m 34s,394
cobol-modernization,cobol-modernization__9Mcyu5B,pass,696182,36921,648673,1381776,1.16,8m 34s,514
cobol-modernization,cobol-modernization__FVMAGQV,pass,612116,30248,569473,1211837,0.97,7m 18s,438
cobol-modernization,cobol-modernization__Gg8FRum,pass,229361,8474,213260,451095,0.29,2m 21s,141
cobol-modernization,cobol-modernization__LVZteNi,pass,373159,21119,343864,738142,0.67,5m 16s,316
code-from-image,code-from-image__7yMe8X9,pass,50702,689,45760,97151,0.04,36s,36
code-from-image,code-from-image__9BvxujH,pass,37379,508,32638,70525,0.04,40s,40
code-from-image,code-from-image__WSMJJZE,pass,50748,713,45780,97241,0.04,52s,52
code-from-image,code-from-image__k5L2m2i,pass,37352,505,32639,70496,0.04,33s,33
code-from-image,code-from-image__k9d8kYw,pass,50590,636,45703,96929,0.04,58s,58
compile-compcert,compile-compcert__RZ7Rqp8,pass,1085852,15722,1029831,2131405,0.67,31m 15s,1875
compile-compcert,compile-compcert__gFqkD3K,fail,,,,,,60m 36s,3636
compile-compcert,compile-compcert__mf72fy8,pass,1540714,25437,1501481,3067632,0.83,31m 48s,1908
compile-compcert,compile-compcert__ng6qiQ6,fail,630897,8581,584323,1223801,0.45,40m 44s,2444
compile-compcert,compile-compcert__zvTyp28,pass,1245019,18347,1166123,2429489,0.85,28m 10s,1690
configure-git-webserver,configure-git-webserver__HspQuh8,fail,247808,6826,235521,490155,0.23,2m 32s,152
configure-git-webserver,configure-git-webserver__RciDNgY,fail,217520,6256,204711,428487,0.22,2m 36s,156
configure-git-webserver,configure-git-webserver__pF4Pa9q,fail,259264,6449,245185,510898,0.23,2m 48s,168
configure-git-webserver,configure-git-webserver__pi8WAiR,fail,210605,6007,198397,415009,0.21,2m 19s,139
configure-git-webserver,configure-git-webserver__uJ2LL7d,pass,181027,3964,173188,358179,0.14,1m 56s,116
constraints-scheduling,constraints-scheduling__PCBYGqf,pass,46876,4128,35298,86302,0.16,1m 14s,74
constraints-scheduling,constraints-scheduling__QLa2A3r,pass,47952,5210,34452,87614,0.20,1m 36s,96
constraints-scheduling,constraints-scheduling__XLXg5ch,pass,50456,7821,35324,93601,0.27,2m 7s,127
constraints-scheduling,constraints-scheduling__w6ezjit,pass,48939,6275,36195,91409,0.22,1m 51s,111
constraints-scheduling,constraints-scheduling__zLpDBsc,pass,47370,4745,35325,87440,0.18,1m 27s,87
count-dataset-tokens,count-dataset-tokens__DxivJma,pass,115676,2744,104022,222442,0.13,1m 36s,96
count-dataset-tokens,count-dataset-tokens__gqTjMMm,pass,137638,3678,124808,266124,0.16,1m 51s,111
count-dataset-tokens,count-dataset-tokens__ikkHNrC,pass,179123,4022,162114,345259,0.19,2m 32s,152
count-dataset-tokens,count-dataset-tokens__uTREwHX,pass,149535,3546,136960,290041,0.15,1m 52s,112
count-dataset-tokens,count-dataset-tokens__zph4piW,pass,149245,4246,135912,289403,0.17,2m 4s,124
crack-7z-hash,crack-7z-hash__EvPKvhL,pass,505088,5372,487576,998036,0.22,11m 47s,707
crack-7z-hash,crack-7z-hash__HF9Jugb,pass,254641,2651,244421,501713,0.12,3m 35s,215
crack-7z-hash,crack-7z-hash__J9RAtem,pass,501750,5576,472190,979516,0.29,10m 50s,650
crack-7z-hash,crack-7z-hash__YviM5BK,pass,528049,5881,513188,1047118,0.22,17m 31s,1051
crack-7z-hash,crack-7z-hash__j7tQMHo,pass,220788,2349,211989,435126,0.10,3m 25s,205
custom-memory-heap-crash,custom-memory-heap-crash__6CZH5JD,pass,373862,10924,344638,729424,0.42,3m 29s,209
custom-memory-heap-crash,custom-memory-heap-crash__6LSyYjX,pass,358390,10129,330549,699068,0.39,3m 6s,186
custom-memory-heap-crash,custom-memory-heap-crash__DKHKaNd,pass,793832,20134,754113,1568079,0.70,5m 21s,321
custom-memory-heap-crash,custom-memory-heap-crash__htmgf9H,pass,688767,18540,651809,1359116,0.65,5m 23s,323
custom-memory-heap-crash,custom-memory-heap-crash__yEAXxmV,pass,572169,16194,539221,1127584,0.57,4m 29s,269
db-wal-recovery,db-wal-recovery__56U93qR,fail,717539,19926,671097,1408562,0.73,15m 42s,942
db-wal-recovery,db-wal-recovery__KNLkBwP,fail,367823,14876,339624,722323,0.51,4m 38s,278
db-wal-recovery,db-wal-recovery__UvyzbxX,fail,420700,16000,390020,826720,0.55,15m 35s,935
db-wal-recovery,db-wal-recovery__VxEGhhp,fail,598424,15012,572415,1185851,0.51,15m 34s,934
db-wal-recovery,db-wal-recovery__zMSrHxb,fail,408535,16889,382120,807544,0.55,6m 44s,404
distribution-search,distribution-search__D5mdMfA,pass,126207,8176,114266,248649,0.26,2m 12s,132
distribution-search,distribution-search__MFHns7a,pass,84947,7610,74133,166690,0.24,2m 17s,137
distribution-search,distribution-search__TvZS5Ey,pass,126403,9579,109524,245506,0.32,2m 32s,152
distribution-search,distribution-search__VA9fLGB,pass,118990,11169,100870,231029,0.37,2m 51s,171
distribution-search,distribution-search__iAxcnhF,pass,48453,7212,38378,94043,0.23,1m 55s,115
dna-assembly,dna-assembly__6FBnWev,fail,415068,36800,353345,805213,1.23,9m 21s,561
dna-assembly,dna-assembly__CR5o5Ga,fail,746226,49649,653279,1449154,1.71,12m 16s,736
dna-assembly,dna-assembly__jYhivbM,pass,1281342,61236,1181052,2523630,2.03,15m 21s,921
dna-assembly,dna-assembly__pmPQXZR,pass,821035,50368,715529,1586932,1.79,12m 11s,731
dna-assembly,dna-assembly__yvnufJk,pass,1018022,71976,904024,1994022,2.37,16m 58s,1018
dna-insert,dna-insert__9FSQ77L,fail,331713,17937,303250,652900,0.59,4m 55s,295
dna-insert,dna-insert__jL89LSp,fail,403684,19773,367312,790769,0.68,5m 0s,300
dna-insert,dna-insert__tkZ7XZc,fail,626084,19883,592156,1238123,0.67,5m 39s,339
dna-insert,dna-insert__viELoPf,fail,301796,14647,274288,590731,0.50,3m 54s,234
dna-insert,dna-insert__wNosoh2,fail,385120,18999,353493,757612,0.63,5m 23s,323
extract-elf,extract-elf__2oqM2Rp,pass,106666,5036,96735,208437,0.18,1m 57s,117
extract-elf,extract-elf__HDzgb5v,pass,178394,10075,163669,352138,0.33,3m 0s,180
extract-elf,extract-elf__ay5T9Pq,fail,127937,8827,114427,251191,0.29,2m 40s,160
extract-elf,extract-elf__bUKzyjS,pass,127961,7904,115468,251333,0.26,2m 23s,143
extract-elf,extract-elf__e4Zi64u,fail,211374,19256,185027,415657,0.61,5m 33s,333
extract-moves-from-video,extract-moves-from-video__37jysVH,fail,1599227,33139,1531313,3163679,1.17,30m 41s,1841
extract-moves-from-video,extract-moves-from-video__4d9nhA8,fail,1494027,36319,1443267,2973613,1.16,30m 25s,1825
extract-moves-from-video,extract-moves-from-video__TM3FK6z,fail,554722,14523,498629,1067874,0.64,30m 26s,1826
extract-moves-from-video,extract-moves-from-video__d9bNtqD,fail,1002775,20294,945819,1968888,0.79,30m 26s,1826
extract-moves-from-video,extract-moves-from-video__kSxPwr3,fail,1252352,20133,1219242,2491727,0.67,31m 10s,1870
feal-differential-cryptanalysis,feal-differential-cryptanalysis__6vavxM6,pass,124027,13322,106376,243725,0.42,3m 46s,226
feal-differential-cryptanalysis,feal-differential-cryptanalysis__7bAJgB9,pass,123750,13454,106187,243391,0.42,3m 31s,211
feal-differential-cryptanalysis,feal-differential-cryptanalysis__MP436nv,pass,128278,14997,109311,252586,0.47,3m 54s,234
feal-differential-cryptanalysis,feal-differential-cryptanalysis__b7mkJce,pass,181013,15076,161642,357731,0.47,3m 41s,221
feal-differential-cryptanalysis,feal-differential-cryptanalysis__yqHkmiQ,pass,96084,12376,79638,188098,0.39,3m 0s,180
feal-linear-cryptanalysis,feal-linear-cryptanalysis__ADhUns6,pass,225206,16940,197464,439610,0.56,3m 48s,228
feal-linear-cryptanalysis,feal-linear-cryptanalysis__RfCxwxn,pass,385097,33544,330819,749460,1.11,7m 20s,440
feal-linear-cryptanalysis,feal-linear-cryptanalysis__TmrUDrd,pass,254246,26344,216766,497356,0.85,5m 49s,349
feal-linear-cryptanalysis,feal-linear-cryptanalysis__dbNA9oq,pass,255896,30417,216825,503138,0.96,6m 39s,399
feal-linear-cryptanalysis,feal-linear-cryptanalysis__hvZz8AJ,pass,260120,20823,228268,509211,0.68,4m 38s,278
filter-js-from-html,filter-js-from-html__3pq4g2S,fail,331565,26407,301657,659629,0.81,8m 59s,539
filter-js-from-html,filter-js-from-html__7PPgzKM,fail,230233,19415,206629,456277,0.60,7m 50s,470
filter-js-from-html,filter-js-from-html__Fj4e62o,pass,316541,24266,288349,629156,0.75,9m 33s,573
filter-js-from-html,filter-js-from-html__RfR2ej6,pass,766945,38909,721943,1527797,1.20,13m 36s,816
filter-js-from-html,filter-js-from-html__qwAqFFq,pass,81701,8642,69765,160108,0.28,6m 5s,365
financial-document-processor,financial-document-processor__2v2xNw4,pass,742527,8270,697300,1448097,0.43,3m 8s,188
financial-document-processor,financial-document-processor__8cWnw6x,fail,370375,8976,323947,703298,0.46,3m 3s,183
financial-document-processor,financial-document-processor__X8sPBAS,fail,361969,8641,308710,679320,0.48,2m 46s,166
financial-document-processor,financial-document-processor__iDUW8Jj,pass,799959,7910,754735,1562604,0.42,3m 18s,198
financial-document-processor,financial-document-processor__vddkFuV,fail,460105,7706,413854,881665,0.42,2m 56s,176
fix-code-vulnerability,fix-code-vulnerability__3XKpiwK,pass,85526,1501,78436,165463,0.07,1m 3s,63
fix-code-vulnerability,fix-code-vulnerability__5NXxatn,pass,83924,1265,77226,162415,0.07,43s,43
fix-code-vulnerability,fix-code-vulnerability__Fo7z6xX,pass,84035,1264,77300,162599,0.07,1m 5s,65
fix-code-vulnerability,fix-code-vulnerability__c2QxJkt,pass,104030,1669,95493,201192,0.08,59s,59
fix-code-vulnerability,fix-code-vulnerability__hVrsS4P,pass,84280,1424,77504,163208,0.07,1m 4s,64
fix-git,fix-git__LgiGhTs,pass,123342,2788,116099,242229,0.11,1m 24s,84
fix-git,fix-git__b9xkrB8,pass,134953,2926,124764,262643,0.12,1m 30s,90
fix-git,fix-git__bN9RJ4s,pass,95977,2943,87900,186820,0.11,1m 24s,84
fix-git,fix-git__jBVqUAB,pass,125053,2982,115212,243247,0.12,1m 13s,73
fix-git,fix-git__yz6kB4Z,pass,122775,2462,113020,238257,0.11,1m 13s,73
fix-ocaml-gc,fix-ocaml-gc__3mfCWwm,pass,560974,11291,478409,1050674,0.70,17m 7s,1027
fix-ocaml-gc,fix-ocaml-gc__HynTVqm,pass,602018,9498,517938,1129454,0.66,21m 35s,1295
fix-ocaml-gc,fix-ocaml-gc__rtBVqQ8,pass,622379,8270,505802,1136451,0.79,22m 21s,1341
fix-ocaml-gc,fix-ocaml-gc__tMWZx46,pass,571147,7721,457874,1036742,0.76,15m 49s,949
fix-ocaml-gc,fix-ocaml-gc__x3UerYc,pass,537677,9076,422807,969560,0.80,21m 48s,1308
gcode-to-text,gcode-to-text__6DMFDBg,pass,234903,5828,220560,461291,0.22,3m 22s,202
gcode-to-text,gcode-to-text__EiLkTG2,pass,285034,6954,270008,561996,0.25,2m 28s,148
gcode-to-text,gcode-to-text__QdcAXQH,pass,239655,6570,226231,472456,0.23,2m 2s,122
gcode-to-text,gcode-to-text__Tk6yFWU,pass,123176,2856,115598,241630,0.11,1m 20s,80
gcode-to-text,gcode-to-text__o4jMqBm,pass,215773,4502,197854,418129,0.20,1m 47s,107
git-leak-recovery,git-leak-recovery__3G72gQv,pass,106844,2859,99693,209396,0.11,1m 30s,90
git-leak-recovery,git-leak-recovery__79TY67a,pass,108114,3417,100707,212238,0.12,1m 19s,79
git-leak-recovery,git-leak-recovery__S5E9xHj,pass,105573,2901,98791,207265,0.11,1m 13s,73
git-leak-recovery,git-leak-recovery__chDqaZN,pass,107513,3043,100458,211014,0.11,1m 10s,70
git-leak-recovery,git-leak-recovery__i8nrsdt,pass,104366,3008,97782,205156,0.11,1m 10s,70
git-multibranch,git-multibranch__5vhmNXd,pass,463469,10099,443191,916759,0.35,3m 27s,207
git-multibranch,git-multibranch__GJBNtrq,pass,515244,9285,497493,1022022,0.32,3m 4s,184
git-multibranch,git-multibranch__HeJzkCn,pass,307317,7221,289819,604357,0.27,2m 43s,163
git-multibranch,git-multibranch__Rm36Gga,pass,253253,5151,241354,499758,0.19,2m 7s,127
git-multibranch,git-multibranch__kzHrDrK,pass,378968,8437,362478,749883,0.29,2m 36s,156
gpt2-codegolf,gpt2-codegolf__9JifYpu,fail,670628,55433,604082,1330143,1.72,15m 32s,932
gpt2-codegolf,gpt2-codegolf__VphcWve,pass,1140743,51008,1077245,2268996,1.59,12m 42s,762
gpt2-codegolf,gpt2-codegolf__cKrhHu7,pass,892384,62864,805616,1760864,2.01,14m 18s,858
gpt2-codegolf,gpt2-codegolf__hcUby2o,pass,812558,59434,744179,1616171,1.83,13m 17s,797
gpt2-codegolf,gpt2-codegolf__nyNrVxJ,pass,1490693,59637,1387872,2938202,2.01,15m 39s,939
headless-terminal,headless-terminal__3q4VqZD,pass,131628,5725,122187,259540,0.19,1m 59s,119
headless-terminal,headless-terminal__7XVdXpa,pass,112270,5756,102768,220794,0.19,1m 56s,116
headless-terminal,headless-terminal__NuGwDzQ,pass,130269,5979,120242,256490,0.20,2m 4s,124
headless-terminal,headless-terminal__QNLc6rC,pass,134676,7050,123210,264936,0.23,2m 26s,146
headless-terminal,headless-terminal__Xey5e3M,pass,113301,5537,103607,222445,0.19,1m 53s,113
hf-model-inference,hf-model-inference__4mDVesW,pass,92060,2720,85692,180472,0.10,1m 33s,93
hf-model-inference,hf-model-inference__K2Xmg8h,pass,76945,2145,71321,150411,0.08,1m 57s,117
hf-model-inference,hf-model-inference__PoYorz4,pass,91287,2477,85185,178949,0.09,2m 10s,130
hf-model-inference,hf-model-inference__RcgzsAB,pass,76754,2195,71262,150211,0.08,1m 38s,98
hf-model-inference,hf-model-inference__nJmP2Df,pass,91081,2306,85059,178446,0.09,1m 57s,117
install-windows-3.11,install-windows-3.11__4M4btJC,pass,8922736,87807,8801123,17811666,2.80,60m 55s,3655
install-windows-3.11,install-windows-3.11__6TXpyHA,fail,15334149,126776,15128762,30589687,4.20,61m 0s,3660
install-windows-3.11,install-windows-3.11__JrZD7tZ,pass,939682,15033,898984,1853699,0.58,7m 31s,451
install-windows-3.11,install-windows-3.11__orhCWMW,pass,4947146,50290,4831566,9829002,1.84,29m 45s,1785
install-windows-3.11,install-windows-3.11__sFbKELs,pass,9416506,77958,9294087,18788551,2.56,60m 46s,3646
kv-store-grpc,kv-store-grpc__CfSP6hj,pass,132796,2722,126466,261984,0.10,15m 25s,925
kv-store-grpc,kv-store-grpc__Hfi4QGF,pass,154474,2559,147316,304349,0.10,15m 22s,922
kv-store-grpc,kv-store-grpc__JHFZAjG,pass,133993,2739,127549,264281,0.10,15m 33s,933
kv-store-grpc,kv-store-grpc__TB6FcC7,pass,117841,2255,111803,231899,0.09,15m 39s,939
kv-store-grpc,kv-store-grpc__jHbFcDQ,pass,109446,2218,102704,214368,0.09,15m 27s,927
large-scale-text-editing,large-scale-text-editing__5oisPgc,pass,94903,6762,83495,185160,0.23,3m 7s,187
large-scale-text-editing,large-scale-text-editing__ALmTmWY,pass,84394,3965,76702,165061,0.14,2m 16s,136
large-scale-text-editing,large-scale-text-editing__ThpVhJb,pass,87702,4413,79651,171766,0.15,2m 18s,138
large-scale-text-editing,large-scale-text-editing__ee8PEGx,pass,139765,9510,126141,275416,0.31,3m 18s,198
large-scale-text-editing,large-scale-text-editing__q2dQ3vm,pass,85896,4779,77403,168078,0.16,2m 23s,143
largest-eigenval,largest-eigenval__4MNVHYE,pass,304133,22958,275764,602855,0.72,5m 15s,315
largest-eigenval,largest-eigenval__GfrFE7S,fail,121104,4418,110834,236356,0.16,1m 31s,91
largest-eigenval,largest-eigenval__PjdkLHR,pass,378717,21023,351202,750942,0.66,5m 28s,328
largest-eigenval,largest-eigenval__mwMYmYo,pass,125747,5131,113531,244409,0.19,1m 55s,115
largest-eigenval,largest-eigenval__osAN7ZQ,pass,255359,12224,236201,503784,0.40,3m 26s,206
llm-inference-batching-scheduler,llm-inference-batching-scheduler__AAVxNeZ,pass,816502,38742,761710,1616954,1.24,9m 18s,558
llm-inference-batching-scheduler,llm-inference-batching-scheduler__BQ9cZhS,pass,742397,29338,697273,1469008,0.96,7m 24s,444
llm-inference-batching-scheduler,llm-inference-batching-scheduler__BqHCV8Y,pass,2109159,48492,2040461,4198112,1.56,26m 41s,1601
llm-inference-batching-scheduler,llm-inference-batching-scheduler__kdT2ikt,pass,684677,29855,640391,1354923,0.97,7m 2s,422
llm-inference-batching-scheduler,llm-inference-batching-scheduler__nSqfs45,pass,352664,21611,319458,693733,0.71,5m 14s,314
log-summary-date-ranges,log-summary-date-ranges__46tEw9h,pass,51569,1604,45830,99003,0.07,1m 38s,98
log-summary-date-ranges,log-summary-date-ranges__7RBCrDc,pass,51507,1550,49344,102401,0.05,46s,46
log-summary-date-ranges,log-summary-date-ranges__ko9TJrZ,pass,51126,1300,45694,98120,0.06,49s,49
log-summary-date-ranges,log-summary-date-ranges__pFSzbYL,pass,51239,1419,45694,98352,0.06,45s,45
log-summary-date-ranges,log-summary-date-ranges__z4fhppz,pass,51340,1485,45727,98552,0.07,1m 7s,67
mailman,mailman__8b7VdRj,pass,1008530,20368,965363,1994261,0.73,6m 44s,404
mailman,mailman__LHYeCQd,pass,744340,17173,708501,1470014,0.61,5m 51s,351
mailman,mailman__LqbZRQ8,pass,1341886,21896,1263298,2627080,0.94,7m 40s,460
mailman,mailman__UELSoA3,pass,948567,17788,888092,1854447,0.75,30m 56s,1856
mailman,mailman__dadrx2t,pass,1737613,28502,1654543,3420658,1.13,31m 7s,1867
make-doom-for-mips,make-doom-for-mips__4g236hP,fail,2953048,59402,2830567,5843017,2.10,16m 1s,961
make-doom-for-mips,make-doom-for-mips__EEcBwB2,fail,5196540,55861,5071294,10323695,2.02,16m 10s,970
make-doom-for-mips,make-doom-for-mips__M3T4rvD,fail,2586866,58878,2406519,5052263,2.37,16m 7s,967
make-doom-for-mips,make-doom-for-mips__aU8jyWa,fail,5699149,65815,5484082,11249046,2.72,16m 7s,967
make-doom-for-mips,make-doom-for-mips__zdQZdoT,fail,5510390,68351,5317773,10896514,2.67,16m 7s,967
make-mips-interpreter,make-mips-interpreter__T7MXdwr,fail,3723908,54311,3561307,7339526,2.17,18m 40s,1120
make-mips-interpreter,make-mips-interpreter__U6Eeu3n,pass,2602419,72867,2463415,5138701,2.52,17m 50s,1070
make-mips-interpreter,make-mips-interpreter__dd2DtK4,pass,2274433,65119,2108270,4447822,2.46,15m 59s,959
make-mips-interpreter,make-mips-interpreter__kzMeDxo,pass,2649812,56080,2475174,5181066,2.28,15m 40s,940
make-mips-interpreter,make-mips-interpreter__tPktf2k,pass,2079982,65559,1911288,4056829,2.48,15m 21s,921
mcmc-sampling-stan,mcmc-sampling-stan__7v2yxzJ,pass,243396,6995,228521,478912,0.25,9m 4s,544
mcmc-sampling-stan,mcmc-sampling-stan__Pi2pZmF,pass,415676,6317,392777,814770,0.27,13m 52s,832
mcmc-sampling-stan,mcmc-sampling-stan__eDJXJru,pass,399644,5742,377011,782397,0.26,16m 16s,976
mcmc-sampling-stan,mcmc-sampling-stan__kwjHK5Z,pass,719328,8991,687691,1416010,0.38,19m 50s,1190
mcmc-sampling-stan,mcmc-sampling-stan__mPQBHrs,pass,534507,8570,515065,1058142,0.31,11m 53s,713
merge-diff-arc-agi-task,merge-diff-arc-agi-task__6NcsV8d,pass,335899,10026,318931,664856,0.34,3m 3s,183
merge-diff-arc-agi-task,merge-diff-arc-agi-task__TihT5b3,pass,308367,7427,293095,608889,0.26,2m 24s,144
merge-diff-arc-agi-task,merge-diff-arc-agi-task__WciYTBd,pass,335475,9597,318480,663552,0.32,2m 38s,158
merge-diff-arc-agi-task,merge-diff-arc-agi-task__X8SsaT2,pass,398160,11543,379068,788771,0.38,3m 24s,204
merge-diff-arc-agi-task,merge-diff-arc-agi-task__ZgHZAQV,pass,352531,9445,335972,697948,0.32,2m 45s,165
model-extraction-relu-logits,model-extraction-relu-logits__CHenn4J,fail,331052,22251,303007,656310,0.70,5m 48s,348
model-extraction-relu-logits,model-extraction-relu-logits__Q7sXy5c,fail,229736,10929,214050,454715,0.35,3m 17s,197
model-extraction-relu-logits,model-extraction-relu-logits__UEMx7H3,fail,275966,16988,253227,546181,0.54,4m 28s,268
model-extraction-relu-logits,model-extraction-relu-logits__frgV7wk,fail,88339,9060,75849,173248,0.29,2m 37s,157
model-extraction-relu-logits,model-extraction-relu-logits__gHiuegS,fail,264465,15872,244643,524980,0.50,4m 9s,249
modernize-scientific-stack,modernize-scientific-stack__9kzW8JG,pass,57507,2037,50141,109685,0.09,59s,59
modernize-scientific-stack,modernize-scientific-stack__FuvpQfB,pass,57393,1776,49811,108980,0.08,59s,59
modernize-scientific-stack,modernize-scientific-stack__k3iw7nj,pass,57915,2194,50073,110182,0.09,58s,58
modernize-scientific-stack,modernize-scientific-stack__sjUzHMS,pass,72622,2226,64229,139077,0.10,1m 1s,61
modernize-scientific-stack,modernize-scientific-stack__vQtotwC,pass,57458,1896,49357,108711,0.09,49s,49
mteb-leaderboard,mteb-leaderboard__FGzHNYC,pass,380188,5921,359223,745332,0.25,15m 34s,934
mteb-leaderboard,mteb-leaderboard__J46i78G,pass,681757,9747,655268,1346772,0.38,15m 52s,952
mteb-leaderboard,mteb-leaderboard__NUa3vNq,pass,308030,6349,288419,602798,0.26,11m 41s,701
mteb-leaderboard,mteb-leaderboard__fDKL9Kr,pass,371656,6639,346440,724735,0.29,7m 42s,462
mteb-leaderboard,mteb-leaderboard__nKZmToi,pass,447399,8118,422041,877558,0.33,12m 41s,761
mteb-retrieve,mteb-retrieve__Ekw6KVw,pass,152057,3960,143639,299656,0.14,3m 18s,198
mteb-retrieve,mteb-retrieve__Sg8wiRZ,fail,100376,1523,94772,196671,0.07,1m 58s,118
mteb-retrieve,mteb-retrieve__kQDR9wa,fail,101928,1695,95877,199500,0.07,1m 59s,119
mteb-retrieve,mteb-retrieve__xf2eUZk,fail,129459,2383,123306,255148,0.09,2m 9s,129
mteb-retrieve,mteb-retrieve__xkzeuLP,pass,175736,3483,165377,344596,0.14,2m 26s,146
multi-source-data-merger,multi-source-data-merger__6wgJoGN,pass,89457,4904,80109,174470,0.17,1m 29s,89
multi-source-data-merger,multi-source-data-merger__YWouryd,pass,90954,6011,81102,178067,0.20,1m 38s,98
multi-source-data-merger,multi-source-data-merger__dpfcJ7R,pass,102261,5168,92869,200298,0.18,1m 42s,102
multi-source-data-merger,multi-source-data-merger__pqhq7WW,pass,73154,4188,64970,142312,0.15,1m 21s,81
multi-source-data-merger,multi-source-data-merger__xKoRAFT,pass,87016,4335,78251,169602,0.15,1m 23s,83
nginx-request-logging,nginx-request-logging__Dj6k3Uu,pass,194976,3084,186043,384103,0.12,1m 32s,92
nginx-request-logging,nginx-request-logging__jW222aq,pass,188720,3360,177522,369602,0.14,1m 58s,118
nginx-request-logging,nginx-request-logging__tmCKto6,pass,187577,3706,176075,367358,0.15,1m 47s,107
nginx-request-logging,nginx-request-logging__uZsF6zx,pass,159302,3184,150499,312985,0.12,1m 44s,104
nginx-request-logging,nginx-request-logging__yxvBjNe,pass,179996,3154,169621,352771,0.13,1m 49s,109
openssl-selfsigned-cert,openssl-selfsigned-cert__5uVSWwo,pass,127570,4491,118834,250895,0.16,1m 42s,102
openssl-selfsigned-cert,openssl-selfsigned-cert__GH42DLT,pass,155410,5177,146152,306739,0.18,1m 33s,93
openssl-selfsigned-cert,openssl-selfsigned-cert__RAa2YRc,pass,94474,3022,87360,184856,0.11,1m 19s,79
openssl-selfsigned-cert,openssl-selfsigned-cert__RGjyPqU,pass,93930,3200,86826,183956,0.12,1m 28s,88
openssl-selfsigned-cert,openssl-selfsigned-cert__ZTWzoyb,fail,108354,2813,101515,212682,0.10,1m 4s,64
overfull-hbox,overfull-hbox__9LQET3E,pass,224809,10554,204926,440289,0.36,3m 57s,237
overfull-hbox,overfull-hbox__e4fz7HC,fail,1170966,25768,1131011,2327745,0.84,13m 21s,801
overfull-hbox,overfull-hbox__qw7Lzw6,pass,344310,10524,324599,679433,0.36,4m 29s,269
overfull-hbox,overfull-hbox__sWZuTw6,pass,192528,8955,171214,372697,0.33,4m 40s,280
overfull-hbox,overfull-hbox__voRRNDx,pass,319909,7449,300383,627741,0.28,3m 39s,219
password-recovery,password-recovery__7nCQGtS,pass,366919,12556,341826,721301,0.44,3m 53s,233
password-recovery,password-recovery__P2xexei,pass,300648,13019,278406,592073,0.44,3m 46s,226
password-recovery,password-recovery__QipZSrg,pass,408693,11570,380712,800975,0.43,3m 27s,207
password-recovery,password-recovery__fgdW575,pass,296715,14807,268457,579979,0.51,3m 42s,222
password-recovery,password-recovery__z9gogno,pass,567952,23811,531989,1123752,0.78,6m 32s,392
path-tracing,path-tracing__8SNyy8q,pass,3645091,84096,3541478,7270665,2.62,30m 53s,1853
path-tracing,path-tracing__8rbAf8w,pass,2473338,55311,2403990,4932639,1.73,30m 35s,1835
path-tracing,path-tracing__N3qv8RZ,fail,3763429,108614,3644956,7516999,3.31,30m 33s,1833
path-tracing,path-tracing__V8yVP89,pass,4418722,84715,4311093,8814530,2.66,30m 38s,1838
path-tracing,path-tracing__X3vkVj8,pass,2630067,85981,2523771,5239819,2.68,30m 42s,1842
path-tracing-reverse,path-tracing-reverse__3TF7esb,pass,3792853,78459,3651569,7522881,2.67,18m 2s,1082
path-tracing-reverse,path-tracing-reverse__MmYtuWe,pass,1476920,53938,1380041,2910899,1.83,12m 10s,730
path-tracing-reverse,path-tracing-reverse__eiK4y4P,fail,652935,119753,450933,1223621,4.00,30m 25s,1825
path-tracing-reverse,path-tracing-reverse__juFb7WC,pass,2874662,126580,2563398,5564640,4.72,30m 28s,1828
path-tracing-reverse,path-tracing-reverse__zdKB7Kv,pass,1953507,96829,1786596,3836932,3.26,22m 22s,1342
polyglot-c-py,polyglot-c-py__8iWQULN,pass,79826,7586,70660,158072,0.24,2m 14s,134
polyglot-c-py,polyglot-c-py__FoPtENr,pass,169402,13215,152900,335517,0.41,3m 54s,234
polyglot-c-py,polyglot-c-py__Tpn7y2L,pass,168020,12928,151681,332629,0.40,3m 39s,219
polyglot-c-py,polyglot-c-py__n3kroCJ,pass,225357,15924,205639,446920,0.50,4m 45s,285
polyglot-c-py,polyglot-c-py__nJQ52vF,pass,76887,5858,68028,150773,0.19,2m 4s,124
polyglot-rust-c,polyglot-rust-c__FuzG57M,pass,106865,12944,90985,210794,0.40,3m 45s,225
polyglot-rust-c,polyglot-rust-c__JNnmFq8,pass,91646,15954,72894,180494,0.49,4m 7s,247
polyglot-rust-c,polyglot-rust-c__Z2BiKMy,pass,144259,22701,118779,285739,0.69,6m 0s,360
polyglot-rust-c,polyglot-rust-c__kshDHnq,pass,99477,11178,85308,195963,0.35,3m 7s,187
polyglot-rust-c,polyglot-rust-c__yVPz9RX,pass,139961,31923,101964,273848,0.99,7m 49s,469
portfolio-optimization,portfolio-optimization__PWoLaRE,pass,142507,4145,129719,276371,0.17,3m 22s,202
portfolio-optimization,portfolio-optimization__nUJBCqz,pass,140226,3880,124695,268801,0.17,3m 10s,190
portfolio-optimization,portfolio-optimization__r3q4MJB,fail,124399,4707,111011,240117,0.18,4m 4s,244
portfolio-optimization,portfolio-optimization__sMTHogP,pass,182810,4211,167105,354126,0.18,3m 14s,194
portfolio-optimization,portfolio-optimization__zj8vfNL,pass,121101,3534,109739,234374,0.15,3m 2s,182
protein-assembly,protein-assembly (all reps),no data available,,,,,,,
prove-plus-comm,prove-plus-comm__TASWNKN,pass,49038,1476,44512,95026,0.06,47s,47
prove-plus-comm,prove-plus-comm__ZTTc2AG,pass,73075,1386,68518,142979,0.06,51s,51
prove-plus-comm,prove-plus-comm__cnfZCrM,pass,73396,1610,68718,143724,0.06,1m 1s,61
prove-plus-comm,prove-plus-comm__edZbyfM,pass,60576,1330,56145,118051,0.06,46s,46
prove-plus-comm,prove-plus-comm__xAwKZBR,pass,60914,1197,56574,118685,0.05,53s,53
pypi-server,pypi-server__8FuT65w,pass,147403,2648,140462,290513,0.10,1m 27s,87
pypi-server,pypi-server__EirSK9n,pass,183151,3167,174669,360987,0.12,15m 27s,927
pypi-server,pypi-server__RirKorU,pass,165124,2473,157635,325232,0.10,15m 39s,939
pypi-server,pypi-server__s2MMVX8,pass,118351,2314,111769,232434,0.09,1m 9s,69
pypi-server,pypi-server__v7ZERcz,pass,152996,2819,145159,300974,0.11,15m 22s,922
pytorch-model-cli,pytorch-model-cli__EuTowRf,fail,316723,9904,298914,625541,0.34,3m 32s,212
pytorch-model-cli,pytorch-model-cli__Ub7nU3U,pass,170225,5904,158961,335090,0.20,2m 57s,177
pytorch-model-cli,pytorch-model-cli__V78i37w,fail,228426,7584,215067,451077,0.26,3m 28s,208
pytorch-model-cli,pytorch-model-cli__hRDTX3i,pass,230800,8969,212568,452337,0.32,3m 36s,216
pytorch-model-cli,pytorch-model-cli__jXDtQQ2,fail,235620,7466,222848,465934,0.25,3m 32s,212
pytorch-model-recovery,pytorch-model-recovery__7BZwEWS,fail,402861,7268,386858,796987,0.26,30m 19s,1819
pytorch-model-recovery,pytorch-model-recovery__Ax5ZoT4,fail,213151,5428,201314,419893,0.19,30m 29s,1829
pytorch-model-recovery,pytorch-model-recovery__GTdTSzx,pass,222204,5501,210123,437828,0.20,8m 13s,493
pytorch-model-recovery,pytorch-model-recovery__gvTKrLN,pass,220672,6654,206991,434317,0.23,9m 33s,573
pytorch-model-recovery,pytorch-model-recovery__zHzbToY,pass,386010,8644,370753,765407,0.29,17m 24s,1044
qemu-alpine-ssh,qemu-alpine-ssh__PCoeieL,pass,476833,19720,447799,944352,0.64,6m 31s,391
qemu-alpine-ssh,qemu-alpine-ssh__UkFCkrW,pass,888223,25469,854049,1767741,0.81,15m 40s,940
qemu-alpine-ssh,qemu-alpine-ssh__c2XLVF9,fail,592592,15808,568798,1177198,0.51,16m 56s,1016
qemu-alpine-ssh,qemu-alpine-ssh__gzKmD8e,pass,514726,13795,494054,1022575,0.45,6m 19s,379
qemu-alpine-ssh,qemu-alpine-ssh__yRy6vYf,pass,1137017,23312,1090100,2250429,0.82,14m 5s,845
qemu-startup,qemu-startup__deRY9kA,pass,128638,5028,119832,253498,0.17,3m 3s,183
qemu-startup,qemu-startup__dnAnpEg,pass,342839,10988,327192,681019,0.35,4m 32s,272
qemu-startup,qemu-startup__jjDxWd9,pass,549255,18741,521773,1089769,0.61,15m 42s,942
qemu-startup,qemu-startup__sf8sWco,pass,324139,13174,302548,639861,0.44,4m 5s,245
qemu-startup,qemu-startup__x9qMiMB,pass,188261,7370,176967,372598,0.24,3m 36s,216
query-optimize,query-optimize__9psJpaQ,pass,182820,5343,171248,359411,0.19,13m 33s,813
query-optimize,query-optimize__CGGp9WP,pass,215364,6192,203112,424668,0.22,14m 44s,884
query-optimize,query-optimize__WJWon7m,pass,253089,6112,241057,500258,0.21,15m 28s,928
query-optimize,query-optimize__e9dtc9s,pass,205888,7398,192073,405359,0.25,15m 0s,900
query-optimize,query-optimize__ffhyKLi,pass,212472,6834,200656,419962,0.23,15m 38s,938
raman-fitting,raman-fitting__ZzCP3Dc,fail,702329,30933,661141,1394403,0.98,8m 19s,499
raman-fitting,raman-fitting__dz5yzcx,fail,282384,11471,264833,558688,0.37,3m 12s,192
raman-fitting,raman-fitting__iotWSCT,fail,358003,20549,328036,706588,0.66,5m 32s,332
raman-fitting,raman-fitting__kz5wCxu,fail,1031956,55070,962216,2049242,1.73,13m 57s,837
raman-fitting,raman-fitting__wd3K9pJ,fail,759497,35741,713934,1509172,1.12,9m 8s,548
regex-chess,regex-chess__9GQnmAc,pass,4059982,125611,3928949,8114542,3.80,51m 54s,3114
regex-chess,regex-chess__9JfKUHw,pass,3098335,113902,2947673,6159910,3.60,71m 59s,4319
regex-chess,regex-chess__S38QSt3,pass,1902948,107163,1755849,3765960,3.41,36m 38s,2198
regex-chess,regex-chess__iLVQAdt,pass,1435605,104031,1291679,2831315,3.32,41m 4s,2464
regex-chess,regex-chess__qxRcprR,pass,2908875,171846,2714067,5794788,5.27,63m 2s,3782
regex-log,regex-log__9FNebds,pass,152823,13981,135430,302234,0.44,3m 35s,215
regex-log,regex-log__Cca7qaJ,pass,152651,14319,134675,301645,0.45,3m 51s,231
regex-log,regex-log__Dm3DHFk,pass,149283,15017,130694,294994,0.47,3m 46s,226
regex-log,regex-log__hUTaiE5,pass,145177,14308,127925,287410,0.44,4m 0s,240
regex-log,regex-log__z7mv5Ri,pass,140469,11906,125316,277691,0.37,3m 1s,181
reshard-c4-data,reshard-c4-data__3W5wcWM,pass,422566,22078,392975,837619,0.70,6m 1s,361
reshard-c4-data,reshard-c4-data__6aEqe7B,pass,749257,27145,695671,1472073,0.95,8m 39s,519
reshard-c4-data,reshard-c4-data__LKAAUFs,pass,392723,24721,360922,778366,0.78,8m 34s,514
reshard-c4-data,reshard-c4-data__iKkDcHL,pass,515635,21307,486463,1023405,0.68,6m 37s,397
reshard-c4-data,reshard-c4-data__tYhUftp,pass,572626,25128,540438,1138192,0.79,7m 15s,435
rstan-to-pystan,rstan-to-pystan__5MeQYYu,fail,1793384,27490,1717817,3538691,1.07,30m 27s,1827
rstan-to-pystan,rstan-to-pystan__DFosXCY,pass,921394,13103,890881,1825378,0.48,14m 57s,897
rstan-to-pystan,rstan-to-pystan__egoUVBY,fail,364035,8062,323043,695140,0.41,30m 24s,1824
rstan-to-pystan,rstan-to-pystan__snDvVGK,fail,352548,7139,279543,639230,0.54,30m 37s,1837
sam-cell-seg,sam-cell-seg__6QM2cNr,pass,1317856,28547,1272453,2618856,0.94,20m 23s,1223
sam-cell-seg,sam-cell-seg__9LT2TVw,pass,1312664,21637,1248127,2582428,0.86,19m 50s,1190
sam-cell-seg,sam-cell-seg__Aru66ac,pass,401254,25410,363002,789666,0.83,11m 55s,715
sam-cell-seg,sam-cell-seg__cwa5hMT,pass,1034575,20481,995206,2050262,0.71,23m 0s,1380
sam-cell-seg,sam-cell-seg__qh7Qa3Z,fail,134120,12609,110596,257325,0.43,7m 30s,450
sanitize-git-repo,sanitize-git-repo__bTVwioR,pass,268160,4851,235525,508536,0.28,1m 39s,99
sanitize-git-repo,sanitize-git-repo__dzuidmM,pass,256781,6070,232643,495494,0.27,2m 38s,158
sanitize-git-repo,sanitize-git-repo__ifCfbY5,pass,178789,5107,153531,337427,0.25,1m 38s,98
sanitize-git-repo,sanitize-git-repo__rqpt6Pa,fail,147170,4170,129116,280456,0.19,1m 23s,83
sanitize-git-repo,sanitize-git-repo__uk7iPWL,pass,512082,7580,481490,1001152,0.34,2m 37s,157
schemelike-metacircular-eval,schemelike-metacircular-eval__KS5npSj,pass,1824672,46521,1647176,3518369,2.05,31m 38s,1898
schemelike-metacircular-eval,schemelike-metacircular-eval__LFuPBRJ,pass,1587841,55517,1497240,3140598,1.84,24m 34s,1474
schemelike-metacircular-eval,schemelike-metacircular-eval__LmGBgfb,pass,1099978,41390,1036260,2177628,1.35,22m 59s,1379
schemelike-metacircular-eval,schemelike-metacircular-eval__cybkSof,pass,693667,68851,546645,1309163,2.46,19m 51s,1191
schemelike-metacircular-eval,schemelike-metacircular-eval__mQck9j6,pass,891689,40760,825269,1757718,1.35,13m 44s,824
sparql-university,sparql-university__8ziif9p,pass,257566,10705,237304,505575,0.37,2m 52s,172
sparql-university,sparql-university__NK6aQVo,pass,246355,9749,227566,483670,0.34,3m 2s,182
sparql-university,sparql-university__UWwKhLz,pass,143815,9458,125913,279186,0.33,2m 32s,152
sparql-university,sparql-university__jm4HCju,pass,248780,9942,229307,488029,0.35,2m 48s,168
sparql-university,sparql-university__rVwrbah,pass,521402,14691,495999,1032092,0.49,3m 53s,233
sqlite-db-truncate,sqlite-db-truncate__5erkdKX,pass,108688,7255,97775,213718,0.24,2m 2s,122
sqlite-db-truncate,sqlite-db-truncate__B42xNfV,pass,106099,8894,92993,207986,0.29,2m 34s,154
sqlite-db-truncate,sqlite-db-truncate__NQLyjXR,pass,104790,4313,96569,205672,0.15,1m 32s,92
sqlite-db-truncate,sqlite-db-truncate__YSUryyu,pass,126873,8555,114337,249765,0.28,2m 23s,143
sqlite-db-truncate,sqlite-db-truncate__oJCUpxD,pass,125923,9016,112542,247481,0.29,2m 56s,176
sqlite-with-gcov,sqlite-with-gcov__3MhSHED,pass,293624,4135,280348,578107,0.17,2m 54s,174
sqlite-with-gcov,sqlite-with-gcov__5zFcB5e,pass,282107,4041,264573,550721,0.19,2m 32s,152
sqlite-with-gcov,sqlite-with-gcov__DWVExHT,pass,303306,4632,289558,597496,0.18,2m 47s,167
sqlite-with-gcov,sqlite-with-gcov__LybNhMu,pass,270644,3860,257665,532169,0.16,2m 34s,154
sqlite-with-gcov,sqlite-with-gcov__so4T7Z4,pass,308410,4551,292016,604977,0.20,2m 57s,177
torch-pipeline-parallelism,torch-pipeline-parallelism__8fdbzt7,fail,564631,25576,528907,1119114,0.82,13m 20s,800
torch-pipeline-parallelism,torch-pipeline-parallelism__FKD36pK,pass,137196,21907,112770,271873,0.67,11m 44s,704
torch-pipeline-parallelism,torch-pipeline-parallelism__XHH6X6i,pass,129164,25959,102151,257274,0.78,9m 41s,581
torch-pipeline-parallelism,torch-pipeline-parallelism__cufyFb5,pass,248524,30990,211849,491363,0.96,24m 58s,1498
torch-pipeline-parallelism,torch-pipeline-parallelism__tmNdH6o,pass,140557,22606,115143,278306,0.69,11m 14s,674
torch-tensor-parallelism,torch-tensor-parallelism__DzahWDa,pass,122888,12222,108663,243773,0.38,4m 21s,261
torch-tensor-parallelism,torch-tensor-parallelism__HwAHUQ4,pass,61862,7031,51875,120768,0.23,3m 47s,227
torch-tensor-parallelism,torch-tensor-parallelism__RbmnGMi,pass,120746,8136,113907,242789,0.24,3m 21s,201
torch-tensor-parallelism,torch-tensor-parallelism__oLtXdQs,pass,59975,6481,50594,117050,0.21,3m 17s,197
torch-tensor-parallelism,torch-tensor-parallelism__z6MQzPA,pass,102709,8204,92389,203302,0.26,4m 6s,246
train-fasttext,train-fasttext__4q8VcGc,fail,1750100,23784,1706630,3480514,0.81,120m 22s,7222
train-fasttext,train-fasttext__Ce3nZft,fail,561307,14618,466945,1042870,0.84,81m 26s,4886
train-fasttext,train-fasttext__EjFKJcm,fail,1752365,22874,1690620,3465859,0.88,60m 55s,3655
train-fasttext,train-fasttext__tNomkqv,fail,895410,12898,799262,1707570,0.80,63m 50s,3830
train-fasttext,train-fasttext__vJm42w2,fail,2552316,39255,2399931,4991502,1.74,65m 0s,3900
tune-mjcf,tune-mjcf__8ef9Tpf,pass,328719,14568,306928,650215,0.47,6m 1s,361
tune-mjcf,tune-mjcf__ZxRwWfc,pass,324968,10506,306412,641886,0.36,5m 48s,348
tune-mjcf,tune-mjcf__kCmBhvF,pass,346006,10876,327776,684658,0.36,5m 28s,328
tune-mjcf,tune-mjcf__rSBXrDj,pass,406596,15136,383941,805673,0.49,7m 13s,433
tune-mjcf,tune-mjcf__w4iYQCK,pass,653625,24966,619457,1298048,0.79,10m 14s,614
video-processing,video-processing__H2FEvqN,fail,1014181,32007,967197,2013385,1.04,9m 19s,559
video-processing,video-processing__U5ZMmxd,fail,940584,30728,900184,1871496,0.97,8m 37s,517
video-processing,video-processing__Z6Q7cCA,fail,1265362,41075,1213595,2520032,1.29,11m 11s,671
video-processing,video-processing__deZqmyK,fail,526532,19425,494650,1040607,0.65,5m 25s,325
video-processing,video-processing__zhQJUkK,fail,678273,26530,621619,1326422,0.95,7m 45s,465
vulnerable-secret,vulnerable-secret__4qvAd2C,pass,205401,3055,194354,402810,0.13,1m 47s,107
vulnerable-secret,vulnerable-secret__H9rt8S5,pass,126701,2992,114001,243694,0.14,1m 37s,97
vulnerable-secret,vulnerable-secret__MacbzLE,pass,189876,3499,176426,369801,0.15,1m 43s,103
vulnerable-secret,vulnerable-secret__ekUGxV7,pass,134801,2608,122180,259589,0.13,1m 30s,90
vulnerable-secret,vulnerable-secret__pYhppA2,pass,124264,1945,112604,238813,0.11,1m 20s,80
winning-avg-corewars,winning-avg-corewars__4P3HDps,pass,858759,42839,806092,1707690,1.33,11m 18s,678
winning-avg-corewars,winning-avg-corewars__5YyjL79,pass,485371,22643,454788,962802,0.72,6m 9s,369
winning-avg-corewars,winning-avg-corewars__JxGx9Hj,pass,626122,27450,588828,1242400,0.87,7m 23s,443
winning-avg-corewars,winning-avg-corewars__MxLNE6c,pass,1773422,76215,1684023,3533660,2.35,21m 56s,1316
winning-avg-corewars,winning-avg-corewars__WzmrgNY,pass,2671353,86274,2566998,5324625,2.68,23m 9s,1389
write-compressor,write-compressor__6RXAgxx,fail,119443,51175,95622,266240,1.40,15m 40s,940
write-compressor,write-compressor__8sFMXMq,pass,384680,34264,345526,764470,1.05,8m 41s,521
write-compressor,write-compressor__W34zPH2,pass,634515,44902,583414,1262831,1.38,11m 29s,689
write-compressor,write-compressor__jq8wcu3,pass,323593,30531,287237,641361,0.95,8m 10s,490
write-compressor,write-compressor__ktuEEjR,pass,358564,33299,320819,712682,1.02,8m 19s,499
